ID,Market,Prospect,Email,Initial Contact Date,Status,First Follow-Up,Final Follow-Up,Reply,Bounce,Notes
1,UK,Plumbusters,hello@plumbusters.co.uk,2026-10-04,Sent,2026-10-09,2026-10-16,No reply yet,No,Verified high-potential prospect; monitor
2,UK,Miller & Sons,enquiries@miller-and-sons.co.uk,2026-10-04,Sent,2026-10-09,2026-10-16,No reply yet,No,Verified high-potential prospect; monitor
3,UK,Primeworks Heating & Plumbing,primeworksheating@outlook.com,2026-10-04,Sent,2026-10-09,2026-10-16,No reply yet,No,Verified high-potential prospect; monitor
4,UK,Heateam,info@heateamltd.co.uk,2026-10-04,Sent,2026-10-09,2026-10-16,No reply yet,No,Verified high-potential prospect; monitor
5,UK,Gardner Mechanical Services,info@gardnermechanical.co.uk,2026-10-04,Sent,2026-10-09,2026-10-16,No reply yet,No,Verified high-potential prospect; monitor
6,UK,Hudson Plumbing & Heating,info@hudsonplumbing.co.uk,2026-10-04,Sent,2026-10-09,2026-10-16,No reply yet,No,Verified high-potential prospect; monitor
7,UK,G.C Industrial Heating,info@gc-heating.co.uk,2026-10-04,Sent,2026-10-09,2026-10-16,No reply yet,No,Verified high-potential prospect; monitor
8,UK,Sharp Heating,info@sharpheating.co.uk,2026-10-04,Sent,2026-10-09,2026-10-16,No reply yet,No,Verified high-potential prospect; monitor
9,UK,Pipe Guys,info@pipeguys.co.uk,2026-10-04,Sent,2026-10-09,2026-10-16,No reply yet,No,Verified high-potential prospect; monitor
10,UK,Denver Services,info@denverservices.co.uk,2026-10-04,Sent,2026-10-09,2026-10-16,No reply yet,No,Verified high-potential prospect; monitor
11,UK,ADS Wales,marketing@ads-wales.co.uk,2026-10-04,Sent,2026-10-09,2026-10-16,No reply yet,No,Verified high-potential prospect; monitor
12,UK,247 Rapid Response,info@247rapidresponse.co.uk,2026-10-04,Sent,2026-10-09,2026-10-16,No reply yet,No,Verified high-potential prospect; monitor
